[
	{
		"title":"Main"
	},
	{
		"title":"AJAX Scheduler",
		"url":"Index.jsp"
	},
	{
		"title":"Themes"
	},
	{
		"title":"Transparent Theme",
		"url":"ThemeTransparent.jsp"
	},
	{
		"title":"White",
		"url":"ThemeWhite.jsp"
	},
	{
		"title":"Windows 8 Theme",
		"url":"Theme8.jsp"
	},
	{
		"title":"Green",
		"url":"ThemeGreen.jsp"
	},
	{
		"title":"Blue",
		"url":"ThemeBlue.jsp"
	},
	{
		"title":"Events"
	},
	{
		"title":"Dynamic Event Loading",
		"url":"DynamicEventLoading.jsp"
	},
	{
		"title":"Event Selecting",
		"url":"EventSelecting.jsp"
	},
	{
		"title":"Joint Events",
		"url":"EventsJoint.jsp"
	},
	{
		"title":"Limit Event Moving",
		"url":"LimitEventMoving.jsp"
	},
	{
		"title":"Links",
		"url":"Links.jsp"
	},
	{
		"title":"Move Event to Position",
		"url":"EventMoveToPosition.jsp"
	},
	{
		"title":"Percent Complete",
		"url":"PercentComplete.jsp"
	},
	{
		"title":"Recurring Events",
		"url":"RecurringEvents.jsp"
	},
	{
		"title":"Time Header"
	},
	{
		"title":"Timeline",
		"url":"Timeline.jsp"
	},
	{
		"title":"AJAX"
	},
	{
		"title":"Notify Event Model",
		"url":"Notify.jsp"
	},	
	{
		"title":"API"
	},
	{
		"title":"jQuery",
		"url":"JQuery.jsp"
	},
	{
		"title":"Features"
	},
	{
		"title":"Gantt Chart",
		"url":"Gantt.jsp"
	},
	{
		"title":"Active Areas",
		"url":"ActiveAreas.jsp"
	},
	{
		"title":"Background Cells",
		"url":"BackgroundCells.jsp"
	},
	{
		"title":"Time Zones",
		"url":"Timezone.jsp"
	},
	{
		"title":"Row Header Width Auto-Fit",
		"url":"RowHeaderAutoFit.jsp"
	},
	{
		"title":"Time Headers",
		"url":"TimeHeaders.jsp"
	},
	{
		"title":"Prevent Parent Usage",
		"url":"PreventParentUsage.jsp"
	},
	{
		"title":"Navigator",
		"url":"Navigator.jsp"
	},
	{
		"title":"AutoRefresh",
		"url":"AutoRefresh.jsp"
	},
	{
		"title":"Highlighting a Row",
		"url":"HighlightingRow.jsp"
	},
	{
		"title":"Highlighting Today",
		"url":"HighlightingToday.jsp"
	},
	{
		"title":"Views"
	},
	{
		"title":"Day View",
		"url":"Day.jsp"
	},
	{
		"title":"Week View",
		"url":"Week.jsp"
	},
	{
		"title":"Month View",
		"url":"Month.jsp"
	},
	{
		"title":"Year View",
		"url":"Year.jsp"
	}
]