[
	{
		"title":"Main"
	},
	{
		"title":"Month View",
		"url":"Index.jsp"
	},
	{
		"title":"Themes"
	},
	{
		"title":"Transparent Theme",
		"url":"ThemeTransparent.jsp"
	},
	{
		"title":"White",
		"url":"ThemeWhite.jsp"
	},
	{
		"title":"Green",
		"url":"ThemeGreen.jsp"
	},
	{
		"title":"Blue",
		"url":"ThemeBlue.jsp"
	},
	{
		"title":"Features"
	},
	{
		"title":"Recurring Events",
		"url":"RecurringEvents.jsp"
	},
	{
		"title":"jQuery",
		"url":"JQuery.jsp"
	},
	{
		"title":"Active Areas",
		"url":"ActiveAreas.jsp"
	},
	{
		"title":"Notify Event Model",
		"url":"Notify.jsp"
	},
	{
		"title":"Continue CSS Classes",
		"url":"CssContinue.jsp"
	},
	{
		"title":"Move Event to Position",
		"url":"EventMoveToPosition.jsp"
	},
	{
		"title":"Navigator",
		"url":"Navigator.jsp"
	},
	{
		"title":"Next/Previous",
		"url":"NextPrevious.jsp"
	},
	{
		"title":"Localization",
		"url":"Localization.jsp"
	},
	{
		"title":"Context Menu",
		"url":"ContextMenu.jsp"
	},
	{
		"title":"Hide Weekend",
		"url":"HideWeekend.jsp"
	},
	{
		"title":"Event Display Options"
	},
	{
		"title":"Cell Stacking Mode",
		"url":"CellStacking.jsp"
	},
	{
		"title":"Left Alignment",
		"url":"LeftAlignment.jsp"
	},
	{
		"title":"Traditional Themes"
	},
	{
		"title":"Silver",
		"url":"ThemeSilver.jsp"
	}
]