[
	{
		"title":"Main"
	},
	{
		"title":"AJAX Event Calendar",
		"url":"Index.jsp"
	},
	{
		"title":"Themes"
	},
	{
		"title":"Transparent Theme",
		"url":"ThemeTransparent.jsp"
	},
	{
		"title":"White",
		"url":"ThemeWhite.jsp"
	},
	{
		"title":"Green",
		"url":"ThemeGreen.jsp"
	},
	{
		"title":"Green Theme with Duration Bar",
		"url":"ThemeGreenWithBar.jsp"
	},
	{
		"title":"Blue",
		"url":"ThemeBlue.jsp"
	},
	{
		"title": "AJAX"
	},
	{
		"title": "Recurring Events",
		"url": "RecurringEvents.jsp"
	},
	{
		"title": "jQuery",
		"url": "JQuery.jsp"
	},
	{
		"title":"Active Areas",
		"url":"ActiveAreas.jsp"
	},
	{
		"title":"Background Cells",
		"url":"BackgroundCells.jsp"
	},
	{
		"title":"Notify Event Model",
		"url":"Notify.jsp"
	},
	{
		"title":"Crosshair",
		"url":"Crosshair.jsp"
	},
	{
		"title":"Time Header Cell Duration",
		"url":"TimeHeaderCellDuration.jsp"
	},
	{
		"title":"Header Height Auto-Fit",
		"url":"HeaderAutoFit.jsp"
	},
	{
		"title": "Context Menu",
		"url": "ContextMenu.jsp"
	},
	{
		"title": "Date Switching",
		"url": "DateSwitching.jsp"
	},
	{
		"title": "Event Bubble",
		"url": "EventBubble.jsp"
	},
	{
		"title": "Views"
	},
	{
		"title": "Day View",
		"url": "DayView.jsp"
	},
	{
		"title": "Work Week View",
		"url": "WorkWeekView.jsp"
	},	
	{
		"title": "Week View",
		"url": "WeekView.jsp"
	},	
	{
		"title": "Resources View",
		"url": "ResourcesView.jsp"
	},	
	{
		"title": "Days Resources View",
		"url": "DaysResourcesView.jsp"
	},
	{
		"title":"Traditional Themes"
	},
	{
		"title":"Silver",
		"url":"ThemeSilver.jsp"
	},
	{
		"title":"Google Calendar",
		"url":"GoogleLike.jsp"
	},
	{
		"title":"Outlook 2000",
		"url":"Outlook2000.jsp"
	}	
]